<jrat>

    <handler>

        <factory class="org.shiftone.jrat.provider.silent.SilentMethodHandler"/>

    </handler>


    <handler>

        <include className="*" methodName="*" signature="*"/>
        <exclude className="*" methodName="get*" signature="*"/>
        <exclude className="*" methodName="set*" signature="*"/>

        <factory class="org.shiftone.jrat.provider.log.LogMethodHandlerFactory"/>

    </handler>

</jrat>

<!--
test
handlers=one

handler.one.matches            = include(*,*,*) exclude(*,get*,*) exclude(*,set*,*)
handler.one.factories          = silent,log

factory.silent.class           = org.shiftone.jrat.provider.silent.SilentMethodHandler

factory.log.class              = org.shiftone.jrat.provider.log.LogMethodHandlerFactory
factory.log.logError           = false
factory.log.LogStart           = false
factory.log.CompressOutput     = true
factory.log.FileName           = myLog.log

-->