<jrat-trace>

    <vm title="test 1">
    <!--
        <attaching-connector name="com.sun.jdi.SocketAttach">
            <argument name="hostname"   value="localhost"/>
            <argument name="port"       value="9999"/>
        </attaching-connector>
    -->
        <!--
        <launching-connector name="com.sun.jdi.CommandLineLaunch">
            <argument name="main"    value="org.shiftone.jrat.jda.test.TestApp"/>
            <argument name="options" value="-cp E:\work\cvs\jrat\build"/>
        </launching-connector>
        -->
        <!--
        <attaching-connector name="com.sun.jdi.SharedMemoryAttach">
            <argument name="name"    value="jdbconn"/>
        </attaching-connector>
        -->
	<attaching-connector name="com.sun.jdi.SocketAttach">
            <argument name="hostname"   value="localhost"/>
            <argument name="port"       value="9999"/>
        </attaching-connector>


        <filters>
            <filter include="java.util.HashTable"/>
            <!--
            <filter include="com.intellij.openapi.diagnostic.*" exclude=""/>
            -->
        </filters>


    </vm>


</jrat-trace>