<FindbugsPlugin>
  <Detector class="edu.umd.cs.findbugs.detect.FindFieldSelfAssignment" speed="fast"/>
  <Detector class="edu.umd.cs.findbugs.detect.DroppedException" speed="fast" />
  <Detector class="edu.umd.cs.findbugs.detect.DumbMethods" speed="fast" />
  <Detector class="edu.umd.cs.findbugs.detect.FindDoubleCheck" speed="fast" />
  <Detector class="edu.umd.cs.findbugs.detect.FindFinalizeInvocations" speed="fast" />
  <Detector class="edu.umd.cs.findbugs.detect.FindHEmismatch" speed="fast" />
  <Detector class="edu.umd.cs.findbugs.detect.FindNakedNotify" speed="fast" />
  <Detector class="edu.umd.cs.findbugs.detect.FindReturnRef" speed="fast" />
  <Detector class="edu.umd.cs.findbugs.detect.FindRunInvocations" speed="fast" />
  <Detector class="edu.umd.cs.findbugs.detect.FindSpinLoop" speed="fast" />
  <Detector class="edu.umd.cs.findbugs.detect.FindTwoLockWait" speed="slow" />
  <Detector class="edu.umd.cs.findbugs.detect.FindUnconditionalWait" speed="fast" />
  <Detector class="edu.umd.cs.findbugs.detect.FindUninitializedGet" speed="fast" />
  <Detector class="edu.umd.cs.findbugs.detect.FindUnsyncGet" speed="fast" />
  <Detector class="edu.umd.cs.findbugs.detect.InitializationChain" speed="fast" />
  <Detector class="edu.umd.cs.findbugs.detect.IteratorIdioms" speed="fast" />
  <Detector class="edu.umd.cs.findbugs.detect.LockedFields" speed="fast" disabled="true" />
  <Detector class="edu.umd.cs.findbugs.detect.PreferZeroLengthArrays" speed="fast" />
  <Detector class="edu.umd.cs.findbugs.detect.EqStringTest" speed="fast" disabled="true" />
  <Detector class="edu.umd.cs.findbugs.detect.MutableLock" speed="fast" />
  <Detector class="edu.umd.cs.findbugs.detect.MutableStaticFields" speed="fast" />
  <Detector class="edu.umd.cs.findbugs.detect.Naming" speed="fast" />
  <Detector class="edu.umd.cs.findbugs.detect.ReadReturnShouldBeChecked" speed="fast" />
  <Detector class="edu.umd.cs.findbugs.detect.SerializableIdiom" speed="fast" />
  <Detector class="edu.umd.cs.findbugs.detect.StartInConstructor" speed="fast" />
  <Detector class="edu.umd.cs.findbugs.detect.UnreadFields" speed="fast" />
  <Detector class="edu.umd.cs.findbugs.detect.WaitInLoop" speed="fast" />
  <Detector class="edu.umd.cs.findbugs.detect.BCPDoubleCheck" speed="moderate" disabled="true" />
  <Detector class="edu.umd.cs.findbugs.detect.BCPMethodReturnCheck" speed="fast" />
  <Detector class="edu.umd.cs.findbugs.detect.FindNullDeref" speed="moderate" />
  <Detector class="edu.umd.cs.findbugs.detect.FindOpenStream" speed="moderate" />
  <Detector class="edu.umd.cs.findbugs.detect.FindUselessControlFlow" speed="fast" />
  <Detector class="edu.umd.cs.findbugs.detect.FindUnreleasedLock" speed="moderate" disabled="true" />
  <Detector class="edu.umd.cs.findbugs.detect.FindRefComparison" speed="moderate" />
  <Detector class="edu.umd.cs.findbugs.detect.FindMismatchedWaitOrNotify" speed="moderate" />
  <Detector class="edu.umd.cs.findbugs.detect.FindInconsistentSync2" speed="slow" />
  <Detector class="edu.umd.cs.findbugs.detect.FindLocalSelfAssignment" speed="fast" />
  <Detector class="edu.umd.cs.findbugs.detect.FindBugsSummaryStats" speed="fast" />
  <Detector class="edu.umd.cs.findbugs.detect.LazyInit" speed="moderate"/>

  <BugPattern abbrev="DE" type="DE_MIGHT_DROP" category="CORRECTNESS" />
  <BugPattern abbrev="DE" type="DE_MIGHT_IGNORE" category="CORRECTNESS" />
  <BugPattern abbrev="Dm" type="DM_STRING_CTOR" category="PERFORMANCE" />
  <BugPattern abbrev="Dm" type="DM_STRING_VOID_CTOR" category="PERFORMANCE" />
  <BugPattern abbrev="Dm" type="DM_GC" category="PERFORMANCE" />
  <BugPattern abbrev="Dm" type="DM_BOOLEAN_CTOR" category="PERFORMANCE" />
  <BugPattern abbrev="DC" type="DC_DOUBLECHECK" category="MT_CORRECTNESS" />
  <BugPattern abbrev="FI" type="FI_PUBLIC_SHOULD_BE_PROTECTED" category="MALICIOUS_CODE" />
  <BugPattern abbrev="FI" type="FI_EMPTY" category="PERFORMANCE" />
  <BugPattern abbrev="FI" type="FI_NULLIFY_SUPER" category="CORRECTNESS" />
  <BugPattern abbrev="FI" type="FI_USELESS" category="PERFORMANCE" />
  <BugPattern abbrev="FI" type="FI_MISSING_SUPER_CALL" category="CORRECTNESS" />
  <BugPattern abbrev="FI" type="FI_EXPLICIT_INVOCATION" category="CORRECTNESS" />
  <BugPattern abbrev="Eq" type="EQ_SELF_USE_OBJECT" category="CORRECTNESS" />
  <BugPattern abbrev="Eq" type="EQ_SELF_NO_OBJECT" category="CORRECTNESS" />
  <BugPattern abbrev="Co" type="CO_SELF_NO_OBJECT" category="CORRECTNESS" />
  <BugPattern abbrev="ES" type="ES_COMPARING_STRINGS_WITH_EQ" category="CORRECTNESS" />
  <BugPattern abbrev="HE" type="HE_HASHCODE_USE_OBJECT_EQUALS" category="CORRECTNESS" />
  <BugPattern abbrev="HE" type="HE_HASHCODE_NO_EQUALS" category="CORRECTNESS" />
  <BugPattern abbrev="HE" type="HE_EQUALS_USE_HASHCODE" category="CORRECTNESS" />
  <BugPattern abbrev="HE" type="HE_EQUALS_NO_HASHCODE" category="CORRECTNESS" />
  <BugPattern abbrev="Eq" type="EQ_ABSTRACT_SELF" category="CORRECTNESS" />
  <BugPattern abbrev="Co" type="CO_ABSTRACT_SELF" category="CORRECTNESS" />
  <BugPattern abbrev="IS2" type="IS2_INCONSISTENT_SYNC" category="MT_CORRECTNESS" />
  <BugPattern abbrev="NN" type="NN_NAKED_NOTIFY" category="MT_CORRECTNESS" />
  <BugPattern abbrev="MS" type="MS_EXPOSE_REP" category="MALICIOUS_CODE" />
  <BugPattern abbrev="EI" type="EI_EXPOSE_REP" category="MALICIOUS_CODE" />
  <BugPattern abbrev="Ru" type="RU_INVOKE_RUN" category="MT_CORRECTNESS" />
  <BugPattern abbrev="SP" type="SP_SPIN_ON_FIELD" category="MT_CORRECTNESS" />
  <BugPattern abbrev="2LW" type="2LW_TWO_LOCK_WAIT" category="MT_CORRECTNESS" />
  <BugPattern abbrev="UW" type="UW_UNCOND_WAIT" category="MT_CORRECTNESS" />
  <BugPattern abbrev="UR" type="UR_UNINIT_READ" category="CORRECTNESS" />
  <BugPattern abbrev="UG" type="UG_SYNC_SET_UNSYNC_GET" category="MT_CORRECTNESS" />
  <BugPattern abbrev="IC" type="IC_INIT_CIRCULARITY" category="CORRECTNESS" />
  <BugPattern abbrev="SI" type="SI_INSTANCE_BEFORE_FINALS_ASSIGNED" />
  <BugPattern abbrev="It" type="IT_NO_SUCH_ELEMENT" category="CORRECTNESS" />
  <BugPattern abbrev="IS" type="IS_INCONSISTENT_SYNC" category="MT_CORRECTNESS" />
  <BugPattern abbrev="ML" type="ML_SYNC_ON_UPDATED_FIELD" category="MT_CORRECTNESS" />
  <BugPattern abbrev="MS" type="MS_OOI_PKGPROTECT" category="MALICIOUS_CODE" />
  <BugPattern abbrev="MS" type="MS_FINAL_PKGPROTECT" category="MALICIOUS_CODE" />
  <BugPattern abbrev="MS" type="MS_SHOULD_BE_FINAL" category="MALICIOUS_CODE" />
  <BugPattern abbrev="MS" type="MS_PKGPROTECT" category="MALICIOUS_CODE" />
  <BugPattern abbrev="MS" type="MS_MUTABLE_HASHTABLE" category="MALICIOUS_CODE" />
  <BugPattern abbrev="MS" type="MS_MUTABLE_ARRAY" category="MALICIOUS_CODE" />
  <BugPattern abbrev="MS" type="MS_CANNOT_BE_FINAL" category="MALICIOUS_CODE" />
  <BugPattern abbrev="Nm" type="NM_VERY_CONFUSING" category="CORRECTNESS" />
  <BugPattern abbrev="Nm" type="NM_CONFUSING" category="CORRECTNESS" />
  <BugPattern abbrev="Nm" type="NM_CONFUSING_METHOD_NAME" category="CORRECTNESS" />
  <BugPattern abbrev="Nm" type="NM_LCASE_HASHCODE" category="CORRECTNESS" />
  <BugPattern abbrev="Nm" type="NM_LCASE_TOSTRING" category="CORRECTNESS" />
  <BugPattern abbrev="RR" type="RR_NOT_CHECKED" category="CORRECTNESS" />
  <BugPattern abbrev="Se" type="SE_NO_SERIALVERSIONID" category="CORRECTNESS" />
  <BugPattern abbrev="WS" type="WS_WRITEOBJECT_SYNC" category="MT_CORRECTNESS" />
  <BugPattern abbrev="RS" type="RS_READOBJECT_SYNC" category="MT_CORRECTNESS" />
  <BugPattern abbrev="Se" type="SE_NONFINAL_SERIALVERSIONID" category="CORRECTNESS" />
  <BugPattern abbrev="Se" type="SE_NONSTATIC_SERIALVERSIONID" category="CORRECTNESS" />
  <BugPattern abbrev="Se" type="SE_NONLONG_SERIALVERSIONID" category="CORRECTNESS" />
  <BugPattern abbrev="Se" type="SE_BAD_FIELD" category="CORRECTNESS" experimental="true" />
  <BugPattern abbrev="SC" type="SC_START_IN_CTOR" category="MT_CORRECTNESS" />
  <BugPattern abbrev="SS" type="SS_SHOULD_BE_STATIC" category="CORRECTNESS" />
  <BugPattern abbrev="UuF" type="UUF_UNUSED_FIELD" category="CORRECTNESS" />
  <BugPattern abbrev="UrF" type="URF_UNREAD_FIELD" category="CORRECTNESS" />
  <BugPattern abbrev="UwF" type="UWF_UNWRITTEN_FIELD" category="CORRECTNESS" />
  <BugPattern abbrev="SIC" type="SIC_INNER_SHOULD_BE_STATIC" category="PERFORMANCE" />
  <BugPattern abbrev="Wa" type="WA_NOT_IN_LOOP" category="MT_CORRECTNESS" />
  <BugPattern abbrev="No" type="NO_NOTIFY_NOT_NOTIFYALL" category="MT_CORRECTNESS" />
  <BugPattern abbrev="BcpDC" type="BCPDC_DOUBLECHECK" category="MT_CORRECTNESS" />
  <BugPattern abbrev="RV" type="RV_RETURN_VALUE_IGNORED" category="CORRECTNESS" />
  <BugPattern abbrev="NP" type="NP_ALWAYS_NULL" category="CORRECTNESS" />
  <BugPattern abbrev="NP" type="NP_ALWAYS_NULL_EXCEPTION" category="CORRECTNESS" />
  <BugPattern abbrev="NP" type="NP_NULL_ON_SOME_PATH" category="CORRECTNESS" />
  <BugPattern abbrev="NP" type="NP_NULL_ON_SOME_PATH_EXCEPTION" category="CORRECTNESS" />
  <BugPattern abbrev="OS" type="OS_OPEN_STREAM" category="CORRECTNESS" />
  <BugPattern abbrev="OS" type="OS_OPEN_STREAM_EXCEPTION_PATH" category="CORRECTNESS" />
  <BugPattern abbrev="PZLA" type="PZLA_PREFER_ZERO_LENGTH_ARRAYS" category="CORRECTNESS" />
  <BugPattern abbrev="UCF" type="UCF_USELESS_CONTROL_FLOW" category="CORRECTNESS" />
  <BugPattern abbrev="RCN" type="RCN_REDUNDANT_COMPARISON_TO_NULL" category="CORRECTNESS" />
  <BugPattern abbrev="UL" type="UL_UNRELEASED_LOCK" category="MT_CORRECTNESS" />
  <BugPattern abbrev="UL" type="UL_UNRELEASED_LOCK_EXCEPTION_PATH" category="MT_CORRECTNESS" />
  <BugPattern abbrev="RC" type="RC_REF_COMPARISON" category="CORRECTNESS" />
  <BugPattern abbrev="MWN" type="MWN_MISMATCHED_WAIT" category="CORRECTNESS" />
  <BugPattern abbrev="MWN" type="MWN_MISMATCHED_NOTIFY" category="CORRECTNESS" />
  <BugPattern abbrev="SA" type="SA_LOCAL_SELF_ASSIGNMENT" category="CORRECTNESS" />
  <BugPattern abbrev="SA" type="SA_FIELD_SELF_ASSIGNMENT" category="CORRECTNESS" />
  <BugPattern abbrev="LI" type="LI_LAZY_INIT_INSTANCE" category="MT_CORRECTNESS" experimental="true"/>
  <BugPattern abbrev="LI" type="LI_LAZY_INIT_STATIC" category="MT_CORRECTNESS" experimental="true"/>
</FindbugsPlugin>
