<?xml version="1.0" encoding="UTF-8"?>
  <menu name="HTML Characters" modes="asp javascript asp-vbscript html perl php3">
    <menu name="General">
      <item name="(space)"><![CDATA[&nbsp;]]></item>
      <item name="&lt;"><![CDATA[&lt;]]></item>
      <item name="&gt;"><![CDATA[&gt;]]></item>
      <item name="&amp;"><![CDATA[&amp;]]></item>
      <item name="&quot;"><![CDATA[&quot;]]></item>
      <item name="&amp;copy;"><![CDATA[&copy;]]></item>
      <item name="&amp;reg;"><![CDATA[&reg;]]></item>
      <item name="&amp;amp;"><![CDATA[&amp;]]></item>
      <item name="&amp;iexcl;"><![CDATA[&iexcl;]]></item>
      <item name="&amp;cent;"><![CDATA[&cent;]]></item>
      <item name="&amp;pound;"><![CDATA[&pound;]]></item>
      <item name="&amp;curren;"><![CDATA[&curren;]]></item>
      <item name="&amp;yen;"><![CDATA[&yen;]]></item>
      <item name="&amp;brvbar;"><![CDATA[&brvbar;]]></item>
      <item name="&amp;sect;"><![CDATA[&sect;]]></item>
      <item name="&amp;ordf;"><![CDATA[&ordf;]]></item>
      <item name="&amp;laquo;"><![CDATA[&laquo;]]></item>
      <item name="&amp;not;"><![CDATA[&not;]]></item>
      <item name="&amp;shy;"><![CDATA[&shy;]]></item>
      <item name="&amp;macr;"><![CDATA[&macr;]]></item>
      <item name="&amp;deg;"><![CDATA[&deg;]]></item>
      <item name="&amp;plusmn;"><![CDATA[&plusmn;]]></item>
      <item name="&amp;sup1;"><![CDATA[&sup1;]]></item>
      <item name="&amp;sup2;"><![CDATA[&sup2;]]></item>
      <item name="&amp;sup3;"><![CDATA[&sup3;]]></item>
      <item name="&amp;micro;"><![CDATA[&micro;]]></item>
      <item name="&amp;para;"><![CDATA[&para;]]></item>
      <item name="&amp;middot;"><![CDATA[&middot;]]></item>
      <item name="&amp;ordm;"><![CDATA[&ordm;]]></item>
      <item name="&amp;raquo;"><![CDATA[&raquo;]]></item>
      <item name="&amp;frac14;"><![CDATA[&frac14;]]></item>
      <item name="&amp;frac12;"><![CDATA[&frac12;]]></item>
      <item name="&amp;frac34;"><![CDATA[&frac34;]]></item>
      <item name="&amp;iquest;"><![CDATA[&iquest;]]></item>
      <item name="&amp;times;"><![CDATA[&times;]]></item>
      <item name="&amp;divide;"><![CDATA[&divide;]]></item>
    </menu>

    <menu name="Accents (capitals)">
      <item name="&amp;Agrave;"><![CDATA[&Agrave;]]></item>
      <item name="&amp;Aacute;"><![CDATA[&Aacute;]]></item>
      <item name="&amp;Acirc;"><![CDATA[&Acirc;]]></item>
      <item name="&amp;Atilde;"><![CDATA[&Atilde;]]></item>
      <item name="&amp;Auml;"><![CDATA[&Auml;]]></item>
      <item name="&amp;Aring;"><![CDATA[&Aring;]]></item>
      <item name="&amp;AElig;"><![CDATA[&AElig;]]></item>
      <item name="&amp;Ccedil;"><![CDATA[&Ccedil;]]></item>
      <item name="&amp;Egrave;"><![CDATA[&Egrave;]]></item>
      <item name="&amp;Eacute;"><![CDATA[&Eacute;]]></item>
      <item name="&amp;Ecirc;"><![CDATA[&Ecirc;]]></item>
      <item name="&amp;Euml;"><![CDATA[&Euml;]]></item>
      <item name="&amp;Igrave;"><![CDATA[&Igrave;]]></item>
      <item name="&amp;Iacute;"><![CDATA[&Iacute;]]></item>
      <item name="&amp;Icirc;"><![CDATA[&Icirc;]]></item>
      <item name="&amp;Iuml;"><![CDATA[&Iuml;]]></item>
      <item name="&amp;ETH;"><![CDATA[&ETH;]]></item>
      <item name="&amp;Ntilde;"><![CDATA[&Ntilde;]]></item>
      <item name="&amp;Ograve;"><![CDATA[&Ograve;]]></item>
      <item name="&amp;Oacute;"><![CDATA[&Oacute;]]></item>
      <item name="&amp;Ocirc;"><![CDATA[&Ocirc;]]></item>
      <item name="&amp;Otilde;"><![CDATA[&Otilde;]]></item>
      <item name="&amp;Ouml;"><![CDATA[&Ouml;]]></item>
      <item name="&amp;Oslash;"><![CDATA[&Oslash;]]></item>
      <item name="&amp;Ugrave;"><![CDATA[&Ugrave;]]></item>
      <item name="&amp;Uacute;"><![CDATA[&Uacute;]]></item>
      <item name="&amp;Ucirc;"><![CDATA[&Ucirc;]]></item>
      <item name="&amp;Uuml;"><![CDATA[&Uuml;]]></item>
      <item name="&amp;Yacute;"><![CDATA[&Yacute;]]></item>
      <item name="&amp;THORN;"><![CDATA[&THORN;]]></item>
      <item name="&amp;szlig;"><![CDATA[&szlig;]]></item>
    </menu>

    <menu name="Accents (small)">
      <item name="&amp;agrave;"><![CDATA[&agrave;]]></item>
      <item name="&amp;aacute;"><![CDATA[&aacute;]]></item>
      <item name="&amp;acirc;"><![CDATA[&acirc;]]></item>
      <item name="&amp;atilde;"><![CDATA[&atilde;]]></item>
      <item name="&amp;auml;"><![CDATA[&auml;]]></item>
      <item name="&amp;aring;"><![CDATA[&aring;]]></item>
      <item name="&amp;aelig;"><![CDATA[&aelig;]]></item>
      <item name="&amp;ccedil;"><![CDATA[&ccedil;]]></item>
      <item name="&amp;egrave;"><![CDATA[&egrave;]]></item>
      <item name="&amp;eacute;"><![CDATA[&eacute;]]></item>
      <item name="&amp;ecirc;"><![CDATA[&ecirc;]]></item>
      <item name="&amp;euml;"><![CDATA[&euml;]]></item>
      <item name="&amp;igrave;"><![CDATA[&igrave;]]></item>
      <item name="&amp;iacute;"><![CDATA[&iacute;]]></item>
      <item name="&amp;icirc;"><![CDATA[&icirc;]]></item>
      <item name="&amp;iuml;"><![CDATA[&iuml;]]></item>
      <item name="&amp;eth;"><![CDATA[&eth;]]></item>
      <item name="&amp;ntilde;"><![CDATA[&ntilde;]]></item>
      <item name="&amp;ograve;"><![CDATA[&ograve;]]></item>
      <item name="&amp;oacute;"><![CDATA[&oacute;]]></item>
      <item name="&amp;ocirc;"><![CDATA[&ocirc;]]></item>
      <item name="&amp;otilde;"><![CDATA[&otilde;]]></item>
      <item name="&amp;ouml;"><![CDATA[&ouml;]]></item>
      <item name="&amp;oslash;"><![CDATA[&oslash;]]></item>
      <item name="&amp;ugrave;"><![CDATA[&ugrave;]]></item>
      <item name="&amp;uacute;"><![CDATA[&uacute;]]></item>
      <item name="&amp;ucirc;"><![CDATA[&ucirc;]]></item>
      <item name="&amp;uuml;"><![CDATA[&uuml;]]></item>
      <item name="&amp;yacute;"><![CDATA[&yacute;]]></item>
      <item name="&amp;thorn;"><![CDATA[&thorn;]]></item>
      <item name="&amp;yuml;"><![CDATA[&yuml;]]></item>
    </menu>
  </menu>
