<jrat>

    <handler>
        
        <factory class="org.shiftone.jrat.provider.rate.RateMethodHandlerFactory"/>
        <factory class="org.shiftone.jrat.provider.stats.StatMethodHandlerFactory"/>
        <factory class="org.shiftone.jrat.provider.tree.TreeMethodHandlerFactory"/>

    </handler>
    <handler>
    
	    <include className="*" methodName="aa" signature="*"/>
        <factory class="org.shiftone.jrat.provider.log.LogMethodHandlerFactory"/>        
        
    </handler>
</jrat>