<simulation threads="2">

 <loop iterations="10000">
 	<method class="org.shiftone.sim.Xx" method="aa" signature="()V"/>
 </loop>
 <loop iterations="10000">
 	<method class="org.shiftone.sim.Yy" method="bb" signature="()V">
 		<method class="org.shiftone.sim.Zz" method="cc" signature="()V"/>
 		<failure period="10000"/>
 		<method class="org.shiftone.sim.Ww" method="one" signature="()V"/>
 		<method class="org.shiftone.sim.Ee" method="two" signature="()V">
 			<loop iterations="10000">
	 			<method class="org.shiftone.sim.fF" method="four" signature="()V">
	 				<failure period="10000"/>
	 			</method>
 			</loop>
 		</method>
 	</method>
 	<!-- <failure period="10"/> -->
 </loop>

</simulation>