<?xml version="1.0"?>

<!DOCTYPE MODE SYSTEM "xmode.dtd">

<!-- i4gl.xml -->
<!-- Informix 4GL mode, by Jozsa Stefan, joozsa@flash.ro -->
<!-- Based on 'reserved.Z' from www.iiug.org by J.Leffler -->

<MODE>

  <PROPS>
    <PROPERTY NAME="commentStart" VALUE="{" />
    <PROPERTY NAME="commentEnd" VALUE="}" />
    <PROPERTY NAME="lineComment" VALUE="--" />
    <PROPERTY NAME="noWordSep" VALUE="_" />
    <PROPERTY NAME="wordBreakChars" VALUE=",+-=&lt;&gt;/?^&amp;*" />
  </PROPS>

  <RULES IGNORE_CASE="TRUE" HIGHLIGHT_DIGITS="TRUE">

    <SPAN TYPE="LITERAL1" ESCAPE="\">
      <BEGIN>'</BEGIN>
      <END>'</END>
     </SPAN>

    <SPAN TYPE="LITERAL1" ESCAPE="\">
      <BEGIN>"</BEGIN>
       <END>"</END>
     </SPAN>

    <EOL_SPAN TYPE="COMMENT1">--</EOL_SPAN>
    <EOL_SPAN TYPE="COMMENT1">#</EOL_SPAN>

     <SPAN TYPE="COMMENT1">
      <BEGIN>{</BEGIN>
      <END>}</END>
     </SPAN>

    <SEQ TYPE="NULL">)</SEQ>
    <!-- <SEQ TYPE="NULL">(</SEQ> -->
    <SEQ TYPE="NULL">]</SEQ>
    <SEQ TYPE="NULL">[</SEQ>
    <SEQ TYPE="NULL">.</SEQ>
    <SEQ TYPE="NULL">,</SEQ>
    <SEQ TYPE="NULL">;</SEQ>
    <SEQ TYPE="NULL">:</SEQ>
    <SEQ TYPE="OPERATOR">=</SEQ>
    <SEQ TYPE="OPERATOR">==</SEQ>
    <SEQ TYPE="OPERATOR">!=</SEQ>
    <SEQ TYPE="OPERATOR">&gt;=</SEQ>
    <SEQ TYPE="OPERATOR">&lt;=</SEQ>
    <SEQ TYPE="OPERATOR">&lt;&gt;</SEQ>
    <SEQ TYPE="OPERATOR">&gt;</SEQ>
    <SEQ TYPE="OPERATOR">&lt;</SEQ>
    <SEQ TYPE="OPERATOR">+</SEQ>
    <SEQ TYPE="OPERATOR">-</SEQ>
    <SEQ TYPE="OPERATOR">/</SEQ>
    <SEQ TYPE="OPERATOR">*</SEQ>
    <SEQ TYPE="OPERATOR">||</SEQ>

     <!-- Function calls -->
    <MARK_PREVIOUS TYPE="FUNCTION" MATCH_TYPE="OPERATOR">(</MARK_PREVIOUS>
	<SEQ TYPE="OPERATOR">)</SEQ>

    <KEYWORDS>

      <!-- 4GL Reserved Keywords. -->
      <!-- Many keywords because SQL is embeded in 4GL -->
      <KEYWORD1>ABORT</KEYWORD1>
      <KEYWORD1>ABS</KEYWORD1>
      <KEYWORD1>ABSOLUTE</KEYWORD1>
      <KEYWORD1>ACCEPT</KEYWORD1>
      <KEYWORD1>ACCESS</KEYWORD1>
      <KEYWORD1>ACOS</KEYWORD1>
      <KEYWORD1>ADA</KEYWORD1>
      <KEYWORD1>ADD</KEYWORD1>
      <KEYWORD1>AFTER</KEYWORD1>
      <KEYWORD1>ALL</KEYWORD1>
      <KEYWORD1>ALLOCATE</KEYWORD1>
      <KEYWORD1>ALTER</KEYWORD1>
      <KEYWORD1>AND</KEYWORD1>
      <KEYWORD1>ANSI</KEYWORD1>
      <KEYWORD1>ANY</KEYWORD1>
      <KEYWORD1>APPEND</KEYWORD1>
      <KEYWORD1>ARG_VAL</KEYWORD1>
      <KEYWORD1>ARRAY</KEYWORD1>
      <KEYWORD1>ARR_COUNT</KEYWORD1>
      <KEYWORD1>ARR_CURR</KEYWORD1>
      <KEYWORD1>AS</KEYWORD1>
      <KEYWORD1>ASC</KEYWORD1>
      <KEYWORD1>ASCENDING</KEYWORD1>
      <KEYWORD1>ASCII</KEYWORD1>
      <KEYWORD1>ASIN</KEYWORD1>
      <KEYWORD1>AT</KEYWORD1>
      <KEYWORD1>ATAN</KEYWORD1>
      <KEYWORD1>ATAN2</KEYWORD1>
      <KEYWORD1>ATTACH</KEYWORD1>
      <KEYWORD1>ATTRIBUTE</KEYWORD1>
      <KEYWORD1>ATTRIBUTES</KEYWORD1>
      <KEYWORD1>AUDIT</KEYWORD1>
      <KEYWORD1>AUTHORIZATION</KEYWORD1>
      <KEYWORD1>AUTO</KEYWORD1>
      <KEYWORD1>AUTONEXT</KEYWORD1>
      <KEYWORD1>AVERAGE</KEYWORD1>
      <KEYWORD1>AVG</KEYWORD1>
      <KEYWORD1>BEFORE</KEYWORD1>
      <KEYWORD1>BEGIN</KEYWORD1>
      <KEYWORD1>BETWEEN</KEYWORD1>
      <KEYWORD1>BLACK</KEYWORD1>
      <KEYWORD1>BLINK</KEYWORD1>
      <KEYWORD1>BLUE</KEYWORD1>
      <KEYWORD1>BOLD</KEYWORD1>
      <KEYWORD1>BORDER</KEYWORD1>
      <KEYWORD1>BOTH</KEYWORD1>
      <KEYWORD1>BOTTOM</KEYWORD1>
      <KEYWORD1>BREAK</KEYWORD1>
      <KEYWORD1>BUFFERED</KEYWORD1>
      <KEYWORD1>BY</KEYWORD1>
      <KEYWORD1>BYTE</KEYWORD1>
      <KEYWORD1>CALL</KEYWORD1>
      <KEYWORD1>CASCADE</KEYWORD1>
      <KEYWORD1>CASE</KEYWORD1>
      <KEYWORD1>CHAR</KEYWORD1>
      <KEYWORD1>CHARACTER</KEYWORD1>
      <KEYWORD1>CHARACTER_LENGTH</KEYWORD1>
      <KEYWORD1>CHAR_LENGTH</KEYWORD1>
      <KEYWORD1>CHECK</KEYWORD1>
      <KEYWORD1>CLASS_ORIGIN</KEYWORD1>
      <KEYWORD1>CLEAR</KEYWORD1>
      <KEYWORD1>CLIPPED</KEYWORD1>
      <KEYWORD1>CLOSE</KEYWORD1>
      <KEYWORD1>CLUSTER</KEYWORD1>
      <KEYWORD1>COBOL</KEYWORD1>
      <KEYWORD1>COLOR</KEYWORD1>
      <KEYWORD1>COLUMN</KEYWORD1>
      <KEYWORD1>COLUMNS</KEYWORD1>
      <KEYWORD1>COMMAND</KEYWORD1>
      <KEYWORD1>COMMENT</KEYWORD1>
      <KEYWORD1>COMMENTS</KEYWORD1>
      <KEYWORD1>COMMIT</KEYWORD1>
      <KEYWORD1>COMMITTED</KEYWORD1>
      <KEYWORD1>COMPOSITES</KEYWORD1>
      <KEYWORD1>COMPRESS</KEYWORD1>
      <KEYWORD1>CONCURRENT</KEYWORD1>
      <KEYWORD1>CONNECT</KEYWORD1>
      <KEYWORD1>CONNECTION</KEYWORD1>
      <KEYWORD1>CONNECTION_ALIAS</KEYWORD1>
      <KEYWORD1>CONSTRAINED</KEYWORD1>
      <KEYWORD1>CONSTRAINT</KEYWORD1>
      <KEYWORD1>CONSTRAINTS</KEYWORD1>
      <KEYWORD1>CONSTRUCT</KEYWORD1>
      <KEYWORD1>CONTINUE</KEYWORD1>
      <KEYWORD1>CONTROL</KEYWORD1>
      <KEYWORD1>COS</KEYWORD1>
      <KEYWORD1>COUNT</KEYWORD1>
      <KEYWORD1>CREATE</KEYWORD1>
      <KEYWORD1>CURRENT</KEYWORD1>
      <KEYWORD1>CURSOR</KEYWORD1>
      <KEYWORD1>CYAN</KEYWORD1>
      <KEYWORD1>DATA</KEYWORD1>
      <KEYWORD1>DATABASE</KEYWORD1>
      <KEYWORD1>DATASKIP</KEYWORD1>
      <KEYWORD1>DATE</KEYWORD1>
      <KEYWORD1>DATETIME</KEYWORD1>
      <KEYWORD1>DAY</KEYWORD1>
      <KEYWORD1>DBA</KEYWORD1>
      <KEYWORD1>DBINFO</KEYWORD1>
      <KEYWORD1>DBSERVERNAME</KEYWORD1>
      <KEYWORD1>DEALLOCATE</KEYWORD1>
      <KEYWORD1>DEBUG</KEYWORD1>
      <KEYWORD1>DEC</KEYWORD1>
      <KEYWORD1>DECIMAL</KEYWORD1>
      <KEYWORD1>DECLARE</KEYWORD1>
      <KEYWORD1>DEFAULT</KEYWORD1>
      <KEYWORD1>DEFAULTS</KEYWORD1>
      <KEYWORD1>DEFER</KEYWORD1>
      <KEYWORD1>DEFERRED</KEYWORD1>
      <KEYWORD1>DEFINE</KEYWORD1>
      <KEYWORD1>DELETE</KEYWORD1>
      <KEYWORD1>DELIMITER</KEYWORD1>
      <KEYWORD1>DELIMITERS</KEYWORD1>
      <KEYWORD1>DESC</KEYWORD1>
      <KEYWORD1>DESCENDING</KEYWORD1>
      <KEYWORD1>DESCRIBE</KEYWORD1>
      <KEYWORD1>DESCRIPTOR</KEYWORD1>
      <KEYWORD1>DETACH</KEYWORD1>
      <KEYWORD1>DIAGNOSTICS</KEYWORD1>
      <KEYWORD1>DIM</KEYWORD1>
      <KEYWORD1>DIRTY</KEYWORD1>
      <KEYWORD1>DISABLED</KEYWORD1>
      <KEYWORD1>DISCONNECT</KEYWORD1>
      <KEYWORD1>DISPLAY</KEYWORD1>
      <KEYWORD1>DISTINCT</KEYWORD1>
      <KEYWORD1>DISTRIBUTIONS</KEYWORD1>
      <KEYWORD1>DO</KEYWORD1>
      <KEYWORD1>DORMANT</KEYWORD1>
      <KEYWORD1>DOUBLE</KEYWORD1>
      <KEYWORD1>DOWN</KEYWORD1>
      <KEYWORD1>DOWNSHIFT</KEYWORD1>
      <KEYWORD1>DROP</KEYWORD1>
      <KEYWORD1>EACH</KEYWORD1>
      <KEYWORD1>ELIF</KEYWORD1>
      <KEYWORD1>ELSE</KEYWORD1>
      <KEYWORD1>ENABLED</KEYWORD1>
      <KEYWORD1>END</KEYWORD1>
      <KEYWORD1>ENTRY</KEYWORD1>
      <KEYWORD1>ERROR</KEYWORD1>
      <KEYWORD1>ERRORLOG</KEYWORD1>
      <KEYWORD1>ERR_GET</KEYWORD1>
      <KEYWORD1>ERR_PRINT</KEYWORD1>
      <KEYWORD1>ERR_QUIT</KEYWORD1>
      <KEYWORD1>ESC</KEYWORD1>
      <KEYWORD1>ESCAPE</KEYWORD1>
      <KEYWORD1>EVERY</KEYWORD1>
      <KEYWORD1>EXCEPTION</KEYWORD1>
      <KEYWORD1>EXCLUSIVE</KEYWORD1>
      <KEYWORD1>EXEC</KEYWORD1>
      <KEYWORD1>EXECUTE</KEYWORD1>
      <KEYWORD1>EXISTS</KEYWORD1>
      <KEYWORD1>EXIT</KEYWORD1>
      <KEYWORD1>EXP</KEYWORD1>
      <KEYWORD1>EXPLAIN</KEYWORD1>
      <KEYWORD1>EXPRESSION</KEYWORD1>
      <KEYWORD1>EXTEND</KEYWORD1>
      <KEYWORD1>EXTENT</KEYWORD1>
      <KEYWORD1>EXTERN</KEYWORD1>
      <KEYWORD1>EXTERNAL</KEYWORD1>
      <KEYWORD1>F1</KEYWORD1>
      <KEYWORD1>F10</KEYWORD1>
      <KEYWORD1>F11</KEYWORD1>
      <KEYWORD1>F12</KEYWORD1>
      <KEYWORD1>F13</KEYWORD1>
      <KEYWORD1>F14</KEYWORD1>
      <KEYWORD1>F15</KEYWORD1>
      <KEYWORD1>F16</KEYWORD1>
      <KEYWORD1>F17</KEYWORD1>
      <KEYWORD1>F18</KEYWORD1>
      <KEYWORD1>F19</KEYWORD1>
      <KEYWORD1>F2</KEYWORD1>
      <KEYWORD1>F20</KEYWORD1>
      <KEYWORD1>F21</KEYWORD1>
      <KEYWORD1>F22</KEYWORD1>
      <KEYWORD1>F23</KEYWORD1>
      <KEYWORD1>F24</KEYWORD1>
      <KEYWORD1>F25</KEYWORD1>
      <KEYWORD1>F26</KEYWORD1>
      <KEYWORD1>F27</KEYWORD1>
      <KEYWORD1>F28</KEYWORD1>
      <KEYWORD1>F29</KEYWORD1>
      <KEYWORD1>F3</KEYWORD1>
      <KEYWORD1>F30</KEYWORD1>
      <KEYWORD1>F31</KEYWORD1>
      <KEYWORD1>F32</KEYWORD1>
      <KEYWORD1>F33</KEYWORD1>
      <KEYWORD1>F34</KEYWORD1>
      <KEYWORD1>F35</KEYWORD1>
      <KEYWORD1>F36</KEYWORD1>
      <KEYWORD1>F37</KEYWORD1>
      <KEYWORD1>F38</KEYWORD1>
      <KEYWORD1>F39</KEYWORD1>
      <KEYWORD1>F4</KEYWORD1>
      <KEYWORD1>F40</KEYWORD1>
      <KEYWORD1>F41</KEYWORD1>
      <KEYWORD1>F42</KEYWORD1>
      <KEYWORD1>F43</KEYWORD1>
      <KEYWORD1>F44</KEYWORD1>
      <KEYWORD1>F45</KEYWORD1>
      <KEYWORD1>F46</KEYWORD1>
      <KEYWORD1>F47</KEYWORD1>
      <KEYWORD1>F48</KEYWORD1>
      <KEYWORD1>F49</KEYWORD1>
      <KEYWORD1>F5</KEYWORD1>
      <KEYWORD1>F50</KEYWORD1>
      <KEYWORD1>F51</KEYWORD1>
      <KEYWORD1>F52</KEYWORD1>
      <KEYWORD1>F53</KEYWORD1>
      <KEYWORD1>F54</KEYWORD1>
      <KEYWORD1>F55</KEYWORD1>
      <KEYWORD1>F56</KEYWORD1>
      <KEYWORD1>F57</KEYWORD1>
      <KEYWORD1>F58</KEYWORD1>
      <KEYWORD1>F59</KEYWORD1>
      <KEYWORD1>F6</KEYWORD1>
      <KEYWORD1>F60</KEYWORD1>
      <KEYWORD1>F61</KEYWORD1>
      <KEYWORD1>F62</KEYWORD1>
      <KEYWORD1>F63</KEYWORD1>
      <KEYWORD1>F64</KEYWORD1>
      <KEYWORD1>F7</KEYWORD1>
      <KEYWORD1>F8</KEYWORD1>
      <KEYWORD1>F9</KEYWORD1>
      <KEYWORD1>FALSE</KEYWORD1>
      <KEYWORD1>FETCH</KEYWORD1>
      <KEYWORD1>FGL_GETENV</KEYWORD1>
      <KEYWORD1>FGL_KEYVAL</KEYWORD1>
      <KEYWORD1>FGL_LASTKEY</KEYWORD1>
      <KEYWORD1>FIELD</KEYWORD1>
      <KEYWORD1>FIELD_TOUCHED</KEYWORD1>
      <KEYWORD1>FILE</KEYWORD1>
      <KEYWORD1>FILLFACTOR</KEYWORD1>
      <KEYWORD1>FILTERING</KEYWORD1>
      <KEYWORD1>FINISH</KEYWORD1>
      <KEYWORD1>FIRST</KEYWORD1>
      <KEYWORD1>FLOAT</KEYWORD1>
      <KEYWORD1>FLUSH</KEYWORD1>
      <KEYWORD1>FOR</KEYWORD1>
      <KEYWORD1>FOREACH</KEYWORD1>
      <KEYWORD1>FOREIGN</KEYWORD1>
      <KEYWORD1>FORM</KEYWORD1>
      <KEYWORD1>FORMAT</KEYWORD1>
      <KEYWORD1>FORMONLY</KEYWORD1>
      <KEYWORD1>FORTRAN</KEYWORD1>
      <KEYWORD1>FOUND</KEYWORD1>
      <KEYWORD1>FRACTION</KEYWORD1>
      <KEYWORD1>FRAGMENT</KEYWORD1>
      <KEYWORD1>FREE</KEYWORD1>
      <KEYWORD1>FROM</KEYWORD1>
      <KEYWORD1>FUNCTION</KEYWORD1>
      <KEYWORD1>GET_FLDBUF</KEYWORD1>
      <KEYWORD1>GLOBAL</KEYWORD1>
      <KEYWORD1>GLOBALS</KEYWORD1>
      <KEYWORD1>GO</KEYWORD1>
      <KEYWORD1>GOTO</KEYWORD1>
      <KEYWORD1>GRANT</KEYWORD1>
      <KEYWORD1>GREEN</KEYWORD1>
      <KEYWORD1>GROUP</KEYWORD1>
      <KEYWORD1>HAVING</KEYWORD1>
      <KEYWORD1>HEADER</KEYWORD1>
      <KEYWORD1>HELP</KEYWORD1>
      <KEYWORD1>HEX</KEYWORD1>
      <KEYWORD1>HIDE</KEYWORD1>
      <KEYWORD1>HIGH</KEYWORD1>
      <KEYWORD1>HOLD</KEYWORD1>
      <KEYWORD1>HOUR</KEYWORD1>
      <KEYWORD1>IDATA</KEYWORD1>
      <KEYWORD1>IF</KEYWORD1>
      <KEYWORD1>ILENGTH</KEYWORD1>
      <KEYWORD1>IMMEDIATE</KEYWORD1>
      <KEYWORD1>IN</KEYWORD1>
      <KEYWORD1>INCLUDE</KEYWORD1>
      <KEYWORD1>INDEX</KEYWORD1>
      <KEYWORD1>INDEXES</KEYWORD1>
      <KEYWORD1>INDICATOR</KEYWORD1>
      <KEYWORD1>INFIELD</KEYWORD1>
      <KEYWORD1>INIT</KEYWORD1>
      <KEYWORD1>INITIALIZE</KEYWORD1>
      <KEYWORD1>INPUT</KEYWORD1>
      <KEYWORD1>INSERT</KEYWORD1>
      <KEYWORD1>INSTRUCTIONS</KEYWORD1>
      <KEYWORD1>INT</KEYWORD1>
      <KEYWORD1>INTEGER</KEYWORD1>
      <KEYWORD1>INTERRUPT</KEYWORD1>
      <KEYWORD1>INTERVAL</KEYWORD1>
      <KEYWORD1>INTO</KEYWORD1>
      <KEYWORD1>INT_FLAG</KEYWORD1>
      <KEYWORD1>INVISIBLE</KEYWORD1>
      <KEYWORD1>IS</KEYWORD1>
      <KEYWORD1>ISAM</KEYWORD1>
      <KEYWORD1>ISOLATION</KEYWORD1>
      <KEYWORD1>ITYPE</KEYWORD1>
      <KEYWORD1>KEY</KEYWORD1>
      <KEYWORD1>LABEL</KEYWORD1>
      <KEYWORD1>LANGUAGE</KEYWORD1>
      <KEYWORD1>LAST</KEYWORD1>
      <KEYWORD1>LEADING</KEYWORD1>
      <KEYWORD1>LEFT</KEYWORD1>
      <KEYWORD1>LENGTH</KEYWORD1>
      <KEYWORD1>LET</KEYWORD1>
      <KEYWORD1>LIKE</KEYWORD1>
      <KEYWORD1>LINE</KEYWORD1>
      <KEYWORD1>LINENO</KEYWORD1>
      <KEYWORD1>LINES</KEYWORD1>
      <KEYWORD1>LOAD</KEYWORD1>
      <KEYWORD1>LOCATE</KEYWORD1>
      <KEYWORD1>LOCK</KEYWORD1>
      <KEYWORD1>LOG</KEYWORD1>
      <KEYWORD1>LOG10</KEYWORD1>
      <KEYWORD1>LOGN</KEYWORD1>
      <KEYWORD1>LONG</KEYWORD1>
      <KEYWORD1>LOW</KEYWORD1>
      <KEYWORD1>MAGENTA</KEYWORD1>
      <KEYWORD1>MAIN</KEYWORD1>
      <KEYWORD1>MARGIN</KEYWORD1>
      <KEYWORD1>MATCHES</KEYWORD1>
      <KEYWORD1>MAX</KEYWORD1>
      <KEYWORD1>MDY</KEYWORD1>
      <KEYWORD1>MEDIUM</KEYWORD1>
      <KEYWORD1>MEMORY</KEYWORD1>
      <KEYWORD1>MENU</KEYWORD1>
      <KEYWORD1>MESSAGE</KEYWORD1>
      <KEYWORD1>MESSAGE_LENGTH</KEYWORD1>
      <KEYWORD1>MESSAGE_TEXT</KEYWORD1>
      <KEYWORD1>MIN</KEYWORD1>
      <KEYWORD1>MINUTE</KEYWORD1>
      <KEYWORD1>MOD</KEYWORD1>
      <KEYWORD1>MODE</KEYWORD1>
      <KEYWORD1>MODIFY</KEYWORD1>
      <KEYWORD1>MODULE</KEYWORD1>
      <KEYWORD1>MONEY</KEYWORD1>
      <KEYWORD1>MONTH</KEYWORD1>
      <KEYWORD1>MORE</KEYWORD1>
      <KEYWORD1>NAME</KEYWORD1>
      <KEYWORD1>NCHAR</KEYWORD1>
      <KEYWORD1>NEED</KEYWORD1>
      <KEYWORD1>NEW</KEYWORD1>
      <KEYWORD1>NEXT</KEYWORD1>
      <KEYWORD1>NEXTPAGE</KEYWORD1>
      <KEYWORD1>NO</KEYWORD1>
      <KEYWORD1>NOCR</KEYWORD1>
      <KEYWORD1>NOENTRY</KEYWORD1>
      <KEYWORD1>NONE</KEYWORD1>
      <KEYWORD1>NORMAL</KEYWORD1>
      <KEYWORD1>NOT</KEYWORD1>
      <KEYWORD1>NOTFOUND</KEYWORD1>
      <KEYWORD1>NULL</KEYWORD1>
      <KEYWORD1>NULLABLE</KEYWORD1>
      <KEYWORD1>NUMBER</KEYWORD1>
      <KEYWORD1>NUMERIC</KEYWORD1>
      <KEYWORD1>NUM_ARGS</KEYWORD1>
      <KEYWORD1>NVARCHAR</KEYWORD1>
      <KEYWORD1>OCTET_LENGTH</KEYWORD1>
      <KEYWORD1>OF</KEYWORD1>
      <KEYWORD1>OFF</KEYWORD1>
      <KEYWORD1>OLD</KEYWORD1>
      <KEYWORD1>ON</KEYWORD1>
      <KEYWORD1>ONLY</KEYWORD1>
      <KEYWORD1>OPEN</KEYWORD1>
      <KEYWORD1>OPTIMIZATION</KEYWORD1>
      <KEYWORD1>OPTION</KEYWORD1>
      <KEYWORD1>OPTIONS</KEYWORD1>
      <KEYWORD1>OR</KEYWORD1>
      <KEYWORD1>ORDER</KEYWORD1>
      <KEYWORD1>OTHERWISE</KEYWORD1>
      <KEYWORD1>OUTER</KEYWORD1>
      <KEYWORD1>OUTPUT</KEYWORD1>
      <KEYWORD1>PAGE</KEYWORD1>
      <KEYWORD1>PAGENO</KEYWORD1>
      <KEYWORD1>PASCAL</KEYWORD1>
      <KEYWORD1>PAUSE</KEYWORD1>
      <KEYWORD1>PDQPRIORITY</KEYWORD1>
      <KEYWORD1>PERCENT</KEYWORD1>
      <KEYWORD1>PICTURE</KEYWORD1>
      <KEYWORD1>PIPE</KEYWORD1>
      <KEYWORD1>PLI</KEYWORD1>
      <KEYWORD1>POW</KEYWORD1>
      <KEYWORD1>PRECISION</KEYWORD1>
      <KEYWORD1>PREPARE</KEYWORD1>
      <KEYWORD1>PREVIOUS</KEYWORD1>
      <KEYWORD1>PREVPAGE</KEYWORD1>
      <KEYWORD1>PRIMARY</KEYWORD1>
      <KEYWORD1>PRINT</KEYWORD1>
      <KEYWORD1>PRINTER</KEYWORD1>
      <KEYWORD1>PRIOR</KEYWORD1>
      <KEYWORD1>PRIVATE</KEYWORD1>
      <KEYWORD1>PRIVILEGES</KEYWORD1>
      <KEYWORD1>PROCEDURE</KEYWORD1>
      <KEYWORD1>PROGRAM</KEYWORD1>
      <KEYWORD1>PROMPT</KEYWORD1>
      <KEYWORD1>PUBLIC</KEYWORD1>
      <KEYWORD1>PUT</KEYWORD1>
      <KEYWORD1>QUIT</KEYWORD1>
      <KEYWORD1>QUIT_FLAG</KEYWORD1>
      <KEYWORD1>RAISE</KEYWORD1>
      <KEYWORD1>RANGE</KEYWORD1>
      <KEYWORD1>READ</KEYWORD1>
      <KEYWORD1>READONLY</KEYWORD1>
      <KEYWORD1>REAL</KEYWORD1>
      <KEYWORD1>RECORD</KEYWORD1>
      <KEYWORD1>RECOVER</KEYWORD1>
      <KEYWORD1>RED</KEYWORD1>
      <KEYWORD1>REFERENCES</KEYWORD1>
      <KEYWORD1>REFERENCING</KEYWORD1>
      <KEYWORD1>REGISTER</KEYWORD1>
      <KEYWORD1>RELATIVE</KEYWORD1>
      <KEYWORD1>REMAINDER</KEYWORD1>
      <KEYWORD1>REMOVE</KEYWORD1>
      <KEYWORD1>RENAME</KEYWORD1>
      <KEYWORD1>REOPTIMIZATION</KEYWORD1>
      <KEYWORD1>REPEATABLE</KEYWORD1>
      <KEYWORD1>REPORT</KEYWORD1>
      <KEYWORD1>REQUIRED</KEYWORD1>
      <KEYWORD1>RESOLUTION</KEYWORD1>
      <KEYWORD1>RESOURCE</KEYWORD1>
      <KEYWORD1>RESTRICT</KEYWORD1>
      <KEYWORD1>RESUME</KEYWORD1>
      <KEYWORD1>RETURN</KEYWORD1>
      <KEYWORD1>RETURNED_SQLSTATE</KEYWORD1>
      <KEYWORD1>RETURNING</KEYWORD1>
      <KEYWORD1>REVERSE</KEYWORD1>
      <KEYWORD1>REVOKE</KEYWORD1>
      <KEYWORD1>RIGHT</KEYWORD1>
      <KEYWORD1>ROBIN</KEYWORD1>
      <KEYWORD1>ROLE</KEYWORD1>
      <KEYWORD1>ROLLBACK</KEYWORD1>
      <KEYWORD1>ROLLFORWARD</KEYWORD1>
      <KEYWORD1>ROOT</KEYWORD1>
      <KEYWORD1>ROUND</KEYWORD1>
      <KEYWORD1>ROW</KEYWORD1>
      <KEYWORD1>ROWID</KEYWORD1>
      <KEYWORD1>ROWIDS</KEYWORD1>
      <KEYWORD1>ROWS</KEYWORD1>
      <KEYWORD1>ROW_COUNT</KEYWORD1>
      <KEYWORD1>RUN</KEYWORD1>
      <KEYWORD1>SCALE</KEYWORD1>
      <KEYWORD1>SCHEMA</KEYWORD1>
      <KEYWORD1>SCREEN</KEYWORD1>
      <KEYWORD1>SCROLL</KEYWORD1>
      <KEYWORD1>SCR_LINE</KEYWORD1>
      <KEYWORD1>SECOND</KEYWORD1>
      <KEYWORD1>SECTION</KEYWORD1>
      <KEYWORD1>SELECT</KEYWORD1>
      <KEYWORD1>SERIAL</KEYWORD1>
      <KEYWORD1>SERIALIZABLE</KEYWORD1>
      <KEYWORD1>SERVER_NAME</KEYWORD1>
      <KEYWORD1>SESSION</KEYWORD1>
      <KEYWORD1>SET</KEYWORD1>
      <KEYWORD1>SET_COUNT</KEYWORD1>
      <KEYWORD1>SHARE</KEYWORD1>
      <KEYWORD1>SHORT</KEYWORD1>
      <KEYWORD1>SHOW</KEYWORD1>
      <KEYWORD1>SITENAME</KEYWORD1>
      <KEYWORD1>SIZE</KEYWORD1>
      <KEYWORD1>SIZEOF</KEYWORD1>
      <KEYWORD1>SKIP</KEYWORD1>
      <KEYWORD1>SLEEP</KEYWORD1>
      <KEYWORD1>SMALLFLOAT</KEYWORD1>
      <KEYWORD1>SMALLINT</KEYWORD1>
      <KEYWORD1>SOME</KEYWORD1>
      <KEYWORD1>SPACE</KEYWORD1>
      <KEYWORD1>SPACES</KEYWORD1>
      <KEYWORD1>SQL</KEYWORD1>
      <KEYWORD1>SQLAWARN</KEYWORD1>
      <KEYWORD1>SQLCA</KEYWORD1>
      <KEYWORD1>SQLCODE</KEYWORD1>
      <KEYWORD1>SQLERRD</KEYWORD1>
      <KEYWORD1>SQLERRM</KEYWORD1>
      <KEYWORD1>SQLERROR</KEYWORD1>
      <KEYWORD1>SQLERRP</KEYWORD1>
      <KEYWORD1>SQLSTATE</KEYWORD1>
      <KEYWORD1>SQLWARNING</KEYWORD1>
      <KEYWORD1>SQRT</KEYWORD1>
      <KEYWORD1>STABILITY</KEYWORD1>
      <KEYWORD1>START</KEYWORD1>
      <KEYWORD1>STARTLOG</KEYWORD1>
      <KEYWORD1>STATIC</KEYWORD1>
      <KEYWORD1>STATISTICS</KEYWORD1>
      <KEYWORD1>STATUS</KEYWORD1>
      <KEYWORD1>STDEV</KEYWORD1>
      <KEYWORD1>STEP</KEYWORD1>
      <KEYWORD1>STOP</KEYWORD1>
      <KEYWORD1>STRING</KEYWORD1>
      <KEYWORD1>STRUCT</KEYWORD1>
      <KEYWORD1>SUBCLASS_ORIGIN</KEYWORD1>
      <KEYWORD1>SUM</KEYWORD1>
      <KEYWORD1>SWITCH</KEYWORD1>
      <KEYWORD1>SYNONYM</KEYWORD1>
      <KEYWORD1>SYSTEM</KEYWORD1>
      <KEYWORD1>SysBlobs</KEYWORD1>
      <KEYWORD1>SysChecks</KEYWORD1>
      <KEYWORD1>SysColAuth</KEYWORD1>
      <KEYWORD1>SysColDepend</KEYWORD1>
      <KEYWORD1>SysColumns</KEYWORD1>
      <KEYWORD1>SysConstraints</KEYWORD1>
      <KEYWORD1>SysDefaults</KEYWORD1>
      <KEYWORD1>SysDepend</KEYWORD1>
      <KEYWORD1>SysDistrib</KEYWORD1>
      <KEYWORD1>SysFragAuth</KEYWORD1>
      <KEYWORD1>SysFragments</KEYWORD1>
      <KEYWORD1>SysIndexes</KEYWORD1>
      <KEYWORD1>SysObjState</KEYWORD1>
      <KEYWORD1>SysOpClstr</KEYWORD1>
      <KEYWORD1>SysProcAuth</KEYWORD1>
      <KEYWORD1>SysProcBody</KEYWORD1>
      <KEYWORD1>SysProcPlan</KEYWORD1>
      <KEYWORD1>SysProcedures</KEYWORD1>
      <KEYWORD1>SysReferences</KEYWORD1>
      <KEYWORD1>SysRoleAuth</KEYWORD1>
      <KEYWORD1>SysSynTable</KEYWORD1>
      <KEYWORD1>SysSynonyms</KEYWORD1>
      <KEYWORD1>SysTabAuth</KEYWORD1>
      <KEYWORD1>SysTables</KEYWORD1>
      <KEYWORD1>SysTrigBody</KEYWORD1>
      <KEYWORD1>SysTriggers</KEYWORD1>
      <KEYWORD1>SysUsers</KEYWORD1>
      <KEYWORD1>SysViews</KEYWORD1>
      <KEYWORD1>SysViolations</KEYWORD1>
      <KEYWORD1>TAB</KEYWORD1>
      <KEYWORD1>TABLE</KEYWORD1>
      <KEYWORD1>TABLES</KEYWORD1>
      <KEYWORD1>TAN</KEYWORD1>
      <KEYWORD1>TEMP</KEYWORD1>
      <KEYWORD1>TEXT</KEYWORD1>
      <KEYWORD1>THEN</KEYWORD1>
      <KEYWORD1>THROUGH</KEYWORD1>
      <KEYWORD1>THRU</KEYWORD1>
      <KEYWORD1>TIME</KEYWORD1>
      <KEYWORD1>TO</KEYWORD1>
      <KEYWORD1>TODAY</KEYWORD1>
      <KEYWORD1>TOP</KEYWORD1>
      <KEYWORD1>TOTAL</KEYWORD1>
      <KEYWORD1>TRACE</KEYWORD1>
      <KEYWORD1>TRAILER</KEYWORD1>
      <KEYWORD1>TRAILING</KEYWORD1>
      <KEYWORD1>TRANSACTION</KEYWORD1>
      <KEYWORD1>TRIGGER</KEYWORD1>
      <KEYWORD1>TRIGGERS</KEYWORD1>
      <KEYWORD1>TRIM</KEYWORD1>
      <KEYWORD1>TRUE</KEYWORD1>
      <KEYWORD1>TRUNC</KEYWORD1>
      <KEYWORD1>TYPE</KEYWORD1>
      <KEYWORD1>TYPEDEF</KEYWORD1>
      <KEYWORD1>UNCOMMITTED</KEYWORD1>
      <KEYWORD1>UNCONSTRAINED</KEYWORD1>
      <KEYWORD1>UNDERLINE</KEYWORD1>
      <KEYWORD1>UNION</KEYWORD1>
      <KEYWORD1>UNIQUE</KEYWORD1>
      <KEYWORD1>UNITS</KEYWORD1>
      <KEYWORD1>UNLOAD</KEYWORD1>
      <KEYWORD1>UNLOCK</KEYWORD1>
      <KEYWORD1>UNSIGNED</KEYWORD1>
      <KEYWORD1>UP</KEYWORD1>
      <KEYWORD1>UPDATE</KEYWORD1>
      <KEYWORD1>UPSHIFT</KEYWORD1>
      <KEYWORD1>USER</KEYWORD1>
      <KEYWORD1>USING</KEYWORD1>
      <KEYWORD1>VALIDATE</KEYWORD1>
      <KEYWORD1>VALUE</KEYWORD1>
      <KEYWORD1>VALUES</KEYWORD1>
      <KEYWORD1>VARCHAR</KEYWORD1>
      <KEYWORD1>VARIABLES</KEYWORD1>
      <KEYWORD1>VARIANCE</KEYWORD1>
      <KEYWORD1>VARYING</KEYWORD1>
      <KEYWORD1>VERIFY</KEYWORD1>
      <KEYWORD1>VIEW</KEYWORD1>
      <KEYWORD1>VIOLATIONS</KEYWORD1>
      <KEYWORD1>WAIT</KEYWORD1>
      <KEYWORD1>WAITING</KEYWORD1>
      <KEYWORD1>WARNING</KEYWORD1>
      <KEYWORD1>WEEKDAY</KEYWORD1>
      <KEYWORD1>WHEN</KEYWORD1>
      <KEYWORD1>WHENEVER</KEYWORD1>
      <KEYWORD1>WHERE</KEYWORD1>
      <KEYWORD1>WHILE</KEYWORD1>
      <KEYWORD1>WHITE</KEYWORD1>
      <KEYWORD1>WINDOW</KEYWORD1>
      <KEYWORD1>WITH</KEYWORD1>
      <KEYWORD1>WITHOUT</KEYWORD1>
      <KEYWORD1>WORDWRAP</KEYWORD1>
      <KEYWORD1>WORK</KEYWORD1>
      <KEYWORD1>WRAP</KEYWORD1>
      <KEYWORD1>WRITE</KEYWORD1>
      <KEYWORD1>YEAR</KEYWORD1>
      <KEYWORD1>YELLOW</KEYWORD1>
      <KEYWORD1>ZEROFILL</KEYWORD1>


      <!-- special, keywords/literals -->
      <LITERAL2>FALSE</LITERAL2>
      <LITERAL2>NULL</LITERAL2>
      <LITERAL2>TRUE</LITERAL2>


      </KEYWORDS>
   </RULES>
</MODE>
