<?xml version="1.0"?>

<!DOCTYPE MODE SYSTEM "xmode.dtd">

<MODE>
	<PROPS>
		<PROPERTY NAME="lineComment" VALUE=";" />
	</PROPS>
	<RULES HIGHLIGHT_DIGITS="TRUE">
		<SPAN TYPE="KEYWORD2" AT_LINE_START="TRUE">
			<BEGIN>[</BEGIN>
			<END>]</END>
		</SPAN>
		<EOL_SPAN TYPE="COMMENT1" AT_LINE_START="TRUE">;</EOL_SPAN>
		<EOL_SPAN TYPE="COMMENT1" AT_LINE_START="TRUE">#</EOL_SPAN>

		<MARK_PREVIOUS TYPE="KEYWORD1"
			AT_LINE_START="TRUE" MATCH_TYPE="OPERATOR">=</MARK_PREVIOUS>
	</RULES>
</MODE>
